doctor_id,name,department,is_surgeon,experience_years
DOC_001,"Jennifer Sanchez","General Surgery",0,26
DOC_002,"Ashley Garcia","General Surgery",0,31
DOC_003,"Haley Price","Emergency Medicine",1,26
DOC_004,"Tim Vaughn",Oncology,0,23
DOC_005,"Sydney Donaldson",Cardiology,1,30
DOC_006,"John Quinn",Pediatrics,1,10
DOC_007,"Jennifer Park",Pediatrics,1,8
DOC_008,"Theresa Robles",Pulmonology,0,25
DOC_009,"Joshua Simmons",Endocrinology,1,22
DOC_010,"Cathy Vaughn","General Surgery",1,15
DOC_011,"Renee Miller",Pediatrics,1,10
DOC_012,"Kimberly Gomez",Pediatrics,0,20
DOC_013,"Joshua Foster",Endocrinology,0,23
DOC_014,"Amy Patton",Oncology,0,1
DOC_015,"Tyler Jones","Emergency Medicine",1,2
DOC_016,"Rebecca Klein",Nephrology,1,19
DOC_017,"Angel Jones",Orthopedics,0,14
DOC_018,"Mark Shaw",Nephrology,0,8
DOC_019,"Larry Clark",Orthopedics,0,12
DOC_020,"Teresa Santos",Orthopedics,0,26
DOC_021,"Nicholas Ellis",Pediatrics,0,27
DOC_022,"Jose Davis",Endocrinology,1,29
DOC_023,"Larry Ballard","General Surgery",0,15
DOC_024,"Elizabeth Patrick PhD",Cardiology,1,1
DOC_025,"Leslie Johnson",Orthopedics,0,28
DOC_026,"Matthew Harding","Emergency Medicine",0,3
DOC_027,"Lauren Wilkins",Endocrinology,0,18
DOC_028,"Cameron Sanchez",Nephrology,1,34
DOC_029,"Michael Smith",Pediatrics,0,32
DOC_030,"Lisa Jones",Oncology,1,29
DOC_031,"Sharon Simon",Pediatrics,1,25
DOC_032,"Michael Stephens",Oncology,0,26
DOC_033,"Timothy Aguirre",Neurology,1,8
DOC_034,"Veronica Sharp",Orthopedics,1,19
DOC_035,"Nicole Webster",Oncology,1,22
DOC_036,"Melissa Gonzalez",Orthopedics,1,29
DOC_037,"Brian Harris",Orthopedics,1,33
DOC_038,"Melissa Buck",Oncology,1,3
DOC_039,"Denise Gomez",Oncology,0,19
DOC_040,"Maria Davis",Cardiology,0,10
DOC_041,"Alexandra Baker",Endocrinology,1,27
DOC_042,"Sherry Moore","General Surgery",1,15
DOC_043,"Richard Jones",Cardiology,1,11
DOC_044,"Jamie Adams",Nephrology,1,26
DOC_045,"Derrick Davis",Cardiology,0,24
DOC_046,"Diana Faulkner",Orthopedics,0,13
DOC_047,"Gerald Johnson DDS",Endocrinology,0,32
DOC_048,"Randy Larsen",Neurology,0,4
DOC_049,"Cody Hammond",Oncology,1,13
DOC_050,"Emily Day DDS",Orthopedics,1,9
DOC_051,"Wanda Oliver","General Surgery",1,34
DOC_052,"Sarah Franklin",Pulmonology,0,7
DOC_053,"Edward King",Orthopedics,1,1
DOC_054,"Thomas Horton","General Surgery",0,12
DOC_055,"Linda Mitchell",Oncology,1,21
DOC_056,"Scott Barber",Orthopedics,1,11
DOC_057,"Melissa Cruz","Emergency Medicine",0,14
DOC_058,"Theresa Turner",Oncology,1,34
DOC_059,"Jason Wilson",Pediatrics,1,34
DOC_060,"Christine Smith","General Surgery",1,25
DOC_061,"Gregory Torres",Pediatrics,0,4
DOC_062,"Cody Santos",Cardiology,0,26
DOC_063,"Matthew Adams",Cardiology,1,16
DOC_064,"John Gonzalez",Cardiology,0,10
DOC_065,"Dylan Johnson",Cardiology,0,2
DOC_066,"Donald Gonzales",Cardiology,1,19
DOC_067,"Nancy Johnson",Oncology,0,6
DOC_068,"Christine Flores",Endocrinology,0,19
DOC_069,"Marcus Irwin",Endocrinology,0,8
DOC_070,"James Brown",Cardiology,1,14
DOC_071,"Cody Summers",Nephrology,0,10
DOC_072,"Michael Contreras",Oncology,0,3
DOC_073,"Melissa May","General Surgery",0,29
DOC_074,"Angela Ellis",Pediatrics,1,15
DOC_075,"Peter Mckenzie","Emergency Medicine",1,23
DOC_076,"Mark Brown",Cardiology,0,23
DOC_077,"Joshua Munoz","General Surgery",1,18
DOC_078,"Elizabeth Adams",Cardiology,0,19
DOC_079,"Robin Kent",Oncology,0,28
DOC_080,"Brent Miller",Oncology,0,26
DOC_081,"Debra Arnold",Endocrinology,1,10
DOC_082,"Michelle Guerra","Emergency Medicine",0,4
DOC_083,"Elizabeth Combs",Nephrology,1,2
DOC_084,"Joan King",Oncology,0,3
DOC_085,"Christopher Brown",Pulmonology,0,7
DOC_086,"Thomas Alvarez",Pediatrics,1,16
DOC_087,"Jackie Young MD",Oncology,0,31
DOC_088,"Edgar Ayala DDS","Emergency Medicine",1,10
DOC_089,"Johnathan Garcia",Nephrology,0,19
DOC_090,"Patty Jones",Orthopedics,1,28
DOC_091,"Charles Watson",Orthopedics,0,17
DOC_092,"David Richardson",Nephrology,0,28
DOC_093,"Margaret Murphy","General Surgery",1,19
DOC_094,"Isaiah Johnson","General Surgery",0,23
DOC_095,"Angela Rowland",Endocrinology,1,20
DOC_096,"Luke Marks",Orthopedics,0,13
DOC_097,"Brandon Castro",Neurology,1,13
DOC_098,"Tracey Ellis","General Surgery",0,11
DOC_099,"James Glenn",Pulmonology,1,15
DOC_100,"Travis Freeman",Neurology,1,17
DOC_101,"Amy Jones",Oncology,1,28
DOC_102,"Brandy Charles",Pediatrics,1,19
DOC_103,"Michael Wallace","General Surgery",1,4
DOC_104,"Rebecca Greene",Neurology,0,22
DOC_105,"Jennifer Beltran",Pediatrics,0,22
DOC_106,"Lisa Arellano","Emergency Medicine",0,34
DOC_107,"Lori Smith",Oncology,0,33
DOC_108,"Lisa Kelly",Pulmonology,1,33
DOC_109,"Christopher Patterson",Pediatrics,1,12
DOC_110,"Brian King",Endocrinology,1,2
DOC_111,"Lisa Blankenship",Endocrinology,0,28
DOC_112,"Alexis Alvarado",Neurology,1,10
DOC_113,"Theresa Delgado",Pulmonology,0,22
DOC_114,"Lisa Reed","Emergency Medicine",1,17
DOC_115,"Kyle Guzman",Orthopedics,1,26
DOC_116,"Bruce Richardson","General Surgery",0,3
DOC_117,"Kyle Mayer",Orthopedics,0,7
DOC_118,"Sheri Garcia",Cardiology,1,8
DOC_119,"Victoria Hall","Emergency Medicine",1,20
DOC_120,"Rose Rogers",Oncology,0,12
DOC_121,"Cynthia Smith","General Surgery",1,17
DOC_122,"Anthony Martinez",Pediatrics,1,28
DOC_123,"Terri Brown",Orthopedics,1,10
DOC_124,"Michael Jackson",Oncology,1,22
DOC_125,"Mary Rowland","Emergency Medicine",1,33
DOC_126,"Tami Richardson",Nephrology,1,22
DOC_127,"Jonathan Williams","Emergency Medicine",1,13
DOC_128,"Kyle Hughes",Cardiology,0,27
DOC_129,"Curtis Trevino",Pediatrics,1,15
DOC_130,"Richard Escobar",Endocrinology,0,22
DOC_131,"Christina Bradley",Endocrinology,1,30
DOC_132,"Hector Anderson",Pediatrics,1,34
DOC_133,"Cassie Lewis",Nephrology,0,34
DOC_134,"Kevin Turner",Neurology,0,19
DOC_135,"Victoria Cruz",Pulmonology,1,8
DOC_136,"Holly Weber",Neurology,1,33
DOC_137,"Thomas Adams",Oncology,0,28
DOC_138,"Shannon Mccormick","Emergency Medicine",1,25
DOC_139,"Robert Soto",Orthopedics,0,17
DOC_140,"Janet Grant",Pediatrics,1,24
DOC_141,"Marcus Williams","Emergency Medicine",0,21
DOC_142,"Michael Giles",Neurology,0,2
DOC_143,"Stacey Ellis",Pediatrics,1,31
DOC_144,"Kirsten Stafford DVM",Oncology,0,33
DOC_145,"Hunter Young",Nephrology,0,30
DOC_146,"Anthony Dean",Neurology,0,12
DOC_147,"Mr. Joseph Carter",Neurology,0,12
DOC_148,"Robert Schroeder",Neurology,0,24
DOC_149,"Marilyn Allen","Emergency Medicine",0,24
DOC_150,"Lisa Wade","Emergency Medicine",1,11
DOC_151,"Sonya Harding",Oncology,1,13
DOC_152,"Ann Jones",Neurology,1,27
DOC_153,"Beverly Patterson","Emergency Medicine",1,8
DOC_154,"Dillon Greer","Emergency Medicine",0,10
DOC_155,"Tracy Foley",Nephrology,0,8
DOC_156,"Anthony Anderson",Orthopedics,1,20
DOC_157,"Brian Gilbert",Orthopedics,0,8
DOC_158,"Thomas Cummings",Cardiology,0,9
DOC_159,"Erica Rodriguez",Pediatrics,1,7
DOC_160,"Joshua Lopez",Neurology,0,14
DOC_161,"Valerie Schmidt",Neurology,0,28
DOC_162,"Eric Cooper",Pulmonology,0,2
DOC_163,"Alison Gill",Orthopedics,1,8
DOC_164,"Edward Farrell","General Surgery",1,13
DOC_165,"Brandon Clark",Pediatrics,1,21
DOC_166,"Philip Clements",Neurology,0,28
DOC_167,"Alvin Kennedy",Pulmonology,1,23
DOC_168,"Neil Peterson","Emergency Medicine",1,15
DOC_169,"Richard Turner",Orthopedics,0,2
DOC_170,"John Burton",Orthopedics,0,12
DOC_171,"Henry Orr",Pulmonology,0,3
DOC_172,"Darren Simmons","Emergency Medicine",0,5
DOC_173,"David Holt DDS",Orthopedics,1,3
DOC_174,"Michael Nguyen",Orthopedics,1,19
DOC_175,"Cole Mejia",Neurology,0,2
DOC_176,"Jill Miles",Orthopedics,0,17
DOC_177,"Jacob Castro",Endocrinology,0,14
DOC_178,"Robert Ramirez",Pediatrics,1,28
DOC_179,"Jennifer Moore",Cardiology,0,27
DOC_180,"Nicholas Lane",Cardiology,1,10
